n_sizes,iterations,accuracy
"(100,)",20,0.7942989214175655
"(300,)",20,0.7896764252696457
"(500,)",20,0.7889060092449923
"(750,)",20,0.7927580893682589
