n_sizes,iterations,accuracy
"(100,)",20,0.7873651771956857
"(300,)",20,0.7846687211093991
"(500,)",20,0.7850539291217258
"(750,)",20,0.789291217257319
