n_sizes,iterations,accuracy
"(100,)",20,0.7908320493066255
"(300,)",20,0.789291217257319
"(500,)",20,0.7885208012326657
"(750,)",20,0.7900616332819723
