n_sizes,iterations,accuracy
"(100,)",20,0.7835130970724191
"(300,)",20,0.7877503852080123
"(500,)",20,0.785824345146379
"(750,)",20,0.7919876733436055
