n_estimators,max_depth,accuracy
10,5,0.49807395993836673
10,10,0.5677966101694916
10,20,0.6560092449922958
50,5,0.5142526964560863
50,10,0.5812788906009245
50,20,0.6783513097072419
100,5,0.5346687211093991
100,10,0.5843605546995377
100,20,0.6818181818181818
200,5,0.5385208012326657
200,10,0.5835901386748844
200,20,0.6733436055469953
