n_estimators,max_depth,accuracy
10,5,0.5034668721109399
10,10,0.562788906009245
10,20,0.6471494607087828
50,5,0.5323574730354391
50,10,0.5924499229583975
50,20,0.6718027734976888
100,5,0.5389060092449923
100,10,0.5989984591679507
100,20,0.6814329738058552
200,5,0.5350539291217258
200,10,0.5889830508474576
200,20,0.6798921417565486
